{"Name":"Microsoft Public License (Ms-PL)","Text":"Microsoft Public License (Ms-PL)\r\n\r\nThis license governs use of the accompanying software. If you use the software, you accept this license. If you do not accept the license, do not use the software.\r\n\r\n1. Definitions\r\n\r\nThe terms \"reproduce,\" \"reproduction,\" \"derivative works,\" and \"distribution\" have the same meaning here as under U.S. copyright law.\r\n\r\nA \"contribution\" is the original software, or any additions or changes to the software.\r\n\r\nA \"contributor\" is any person that distributes its contribution under this license.\r\n\r\n\"Licensed patents\" are a contributor's patent claims that read directly on its contribution.\r\n\r\n2. Grant of Rights\r\n\r\n(A) Copyright Grant- Subject to the terms of this license, including the license conditions and limitations in section 3, each contributor grants you a non-exclusive, worldwide, royalty-free copyright license to reproduce its contribution, prepare derivative works of its contribution, and distribute its contribution or any derivative works that you create.\r\n\r\n(B) Patent Grant- Subject to the terms of this license, including the license conditions and limitations in section 3, each contributor grants you a non-exclusive, worldwide, royalty-free license under its licensed patents to make, have made, use, sell, offer for sale, import, and/or otherwise dispose of its contribution in the software or derivative works of the contribution in the software.\r\n\r\n3. Conditions and Limitations\r\n\r\n(A) No Trademark License- This license does not grant you rights to use any contributors' name, logo, or trademarks.\r\n\r\n(B) If you bring a patent claim against any contributor over patents that you claim are infringed by the software, your patent license from such contributor to the software ends automatically.\r\n\r\n(C) If you distribute any portion of the software, you must retain all copyright, patent, trademark, and attribution notices that are present in the software.\r\n\r\n(D) If you distribute any portion of the software in source code form, you may do so only under this license by including a complete copy of this license with your distribution. If you distribute any portion of the software in compiled or object code form, you may only do so under a license that complies with this license.\r\n\r\n(E) The software is licensed \"as-is.\" You bear the risk of using it. The contributors give no express warranties, guarantees or conditions. You may have additional consumer rights under your local laws which this license cannot change. To the extent permitted under your local laws, the contributors exclude the implied warranties of merchantability, fitness for a particular purpose and non-infringement.","Id":119712,"ShortName":"Ms-PL","StartDate":"\/Date(1370606322470-0700)\/"}